transaction_id,customer_id,product_name,quantity,unit_price,transaction_date,store_location,total_amount
1,102,Headset,2,952.22,2023-04-13,Rio de Janeiro,1904.44
2,132,Teclado,2,1962.93,2023-12-15,Belo Horizonte,3925.86
3,105,Monitor,4,992.64,2023-09-28,Curitiba,3970.56
4,149,Mouse,2,1733.92,2023-04-17,Curitiba,3467.84
5,109,Webcam,3,1198.03,2023-03-13,Curitiba,3594.09
6,104,Mouse,3,781.89,2023-07-08,Belo Horizonte,2345.67
7,122,Teclado,2,607.28,2023-01-21,Rio de Janeiro,1214.56
8,109,Webcam,3,446.29,2023-04-13,Curitiba,1338.87
9,143,Headset,1,1535.51,2023-05-02,Curitiba,1535.51
10,101,Laptop,4,803.75,2023-08-03,São Paulo,3215.0
11,112,Teclado,1,1046.99,2023-11-27,Curitiba,1046.99
12,139,Teclado,4,1010.03,2023-03-29,Rio de Janeiro,4040.12
13,101,Monitor,2,1175.69,2023-04-10,Rio de Janeiro,2351.38
14,183,Mouse,1,1737.88,2023-12-26,São Paulo,1737.88
15,164,Teclado,2,1962.44,2023-06-01,Curitiba,3924.88
16,162,Teclado,2,844.79,2023-05-11,Curitiba,1689.58
17,172,Headset,4,1663.66,2023-05-30,Curitiba,6654.64
18,116,Headset,4,1540.83,2023-11-05,Belo Horizonte,6163.32
19,108,Webcam,4,1168.38,2023-09-15,Curitiba,4673.52
20,174,Laptop,1,1914.29,2023-12-10,Rio de Janeiro,1914.29
21,114,Monitor,3,440.93,2023-10-21,Rio de Janeiro,1322.79
22,123,Laptop,4,263.07,2023-07-11,Belo Horizonte,1052.28
23,137,Webcam,4,1715.23,2023-10-04,Belo Horizonte,6860.92
24,134,Headset,1,906.34,2023-06-10,Curitiba,906.34
25,193,Mouse,4,1701.59,2023-11-10,São Paulo,6806.36
26,194,Headset,1,1791.53,2023-01-22,Belo Horizonte,1791.53
27,148,Monitor,2,171.79,2023-09-10,Belo Horizonte,343.58
28,168,Headset,4,1772.76,2023-08-24,Curitiba,7091.04
29,161,Monitor,4,924.22,2023-12-11,Curitiba,3696.88
30,159,Monitor,2,1045.34,2023-02-18,Belo Horizonte,2090.68
31,149,Monitor,2,1271.86,2023-02-28,São Paulo,2543.72
32,177,Webcam,2,1856.45,2023-06-19,Belo Horizonte,3712.9
33,174,Monitor,4,87.28,2023-07-07,Curitiba,349.12
34,108,Monitor,3,979.84,2023-09-28,Curitiba,2939.52
35,133,Mouse,3,1391.06,2023-07-09,Belo Horizonte,4173.18
36,175,Laptop,3,1459.28,2023-06-24,São Paulo,4377.84
37,198,Teclado,4,1400.44,2023-02-20,Belo Horizonte,5601.76
38,134,Laptop,2,312.15,2023-12-30,Belo Horizonte,624.3
39,100,Monitor,4,633.82,2023-02-24,Curitiba,2535.28
40,139,Mouse,2,749.5,2023-09-01,São Paulo,1499.0
41,163,Headset,4,1618.65,2023-11-16,Rio de Janeiro,6474.6
42,121,Mouse,4,593.58,2023-05-11,São Paulo,2374.32
43,159,Monitor,2,460.87,2023-11-03,Belo Horizonte,921.74
44,163,Mouse,3,1917.02,2023-05-15,Belo Horizonte,5751.06
45,192,Mouse,2,67.28,2023-01-21,Belo Horizonte,134.56
46,171,Monitor,1,1995.75,2023-11-25,São Paulo,1995.75
47,110,Webcam,1,1369.8,2023-06-16,Curitiba,1369.8
48,113,Mouse,2,1665.52,2023-10-01,Belo Horizonte,3331.04
49,159,Teclado,4,624.51,2023-03-30,Belo Horizonte,2498.04
50,129,Teclado,1,77.91,2023-11-12,São Paulo,77.91
51,134,Mouse,1,1488.85,2023-01-14,Rio de Janeiro,1488.85
52,184,Webcam,4,1676.58,2023-08-30,Rio de Janeiro,6706.32
53,136,Headset,4,1493.93,2023-09-22,Curitiba,5975.72
54,104,Monitor,3,328.56,2023-12-12,Curitiba,985.68
55,182,Teclado,4,1519.18,2023-02-22,Belo Horizonte,6076.72
56,177,Headset,2,1549.4,2023-12-06,São Paulo,3098.8
57,125,Mouse,2,1334.15,2023-04-02,Belo Horizonte,2668.3
58,161,Headset,3,1543.93,2023-09-21,Curitiba,4631.79
59,103,Laptop,1,1699.55,2023-02-04,São Paulo,1699.55
60,188,Teclado,1,1246.53,2023-07-25,São Paulo,1246.53
61,141,Mouse,4,222.78,2023-03-22,Curitiba,891.12
62,188,Monitor,2,1000.87,2023-02-19,Rio de Janeiro,2001.74
63,117,Webcam,1,201.42,2023-12-26,Rio de Janeiro,201.42
64,139,Mouse,3,844.71,2023-01-02,São Paulo,2534.13
65,171,Monitor,3,843.86,2023-02-23,Belo Horizonte,2531.58
66,138,Webcam,2,178.72,2023-04-16,Rio de Janeiro,357.44
67,113,Webcam,3,730.2,2023-09-17,Belo Horizonte,2190.6
68,131,Mouse,3,266.45,2023-11-06,Rio de Janeiro,799.35
69,150,Headset,2,1626.06,2023-07-10,Rio de Janeiro,3252.12
70,137,Headset,4,1897.99,2023-08-06,Belo Horizonte,7591.96
71,196,Webcam,4,191.02,2023-02-13,Curitiba,764.08
72,122,Headset,3,1912.47,2023-06-11,Rio de Janeiro,5737.41
73,162,Laptop,4,1069.02,2023-07-21,Rio de Janeiro,4276.08
74,114,Webcam,4,634.15,2023-09-27,Belo Horizonte,2536.6
75,196,Webcam,3,199.88,2023-12-17,Curitiba,599.64
76,124,Monitor,4,1026.22,2023-10-31,Rio de Janeiro,4104.88
77,116,Headset,3,1599.31,2023-09-28,Rio de Janeiro,4797.93
78,196,Webcam,1,1428.82,2023-08-03,Curitiba,1428.82
79,165,Laptop,2,147.94,2023-09-09,Rio de Janeiro,295.88
80,177,Monitor,2,192.16,2023-07-09,Curitiba,384.32
81,152,Mouse,4,835.6,2023-10-23,Curitiba,3342.4
82,150,Webcam,4,625.82,2023-08-01,Belo Horizonte,2503.28
83,138,Laptop,4,503.15,2023-07-27,São Paulo,2012.6
84,150,Teclado,2,597.96,2023-08-25,Curitiba,1195.92
85,169,Laptop,1,1616.79,2023-12-04,Belo Horizonte,1616.79
86,105,Laptop,1,1861.99,2023-02-22,São Paulo,1861.99
87,166,Monitor,2,839.95,2023-10-07,Rio de Janeiro,1679.9
88,106,Mouse,1,1816.92,2023-08-05,São Paulo,1816.92
89,150,Teclado,2,676.92,2023-09-09,Curitiba,1353.84
90,171,Headset,1,979.05,2023-07-07,Curitiba,979.05
91,141,Headset,3,490.76,2023-02-10,Curitiba,1472.28
92,163,Laptop,3,1298.93,2023-06-06,Curitiba,3896.79
93,114,Monitor,2,1959.01,2023-01-15,Curitiba,3918.02
94,128,Monitor,1,1226.81,2023-10-28,Belo Horizonte,1226.81
95,132,Headset,4,747.74,2023-03-06,Curitiba,2990.96
96,193,Teclado,1,1313.24,2023-12-11,Belo Horizonte,1313.24
97,126,Mouse,3,289.7,2023-11-23,Rio de Janeiro,869.1
98,135,Teclado,3,1782.89,2023-01-09,Curitiba,5348.67
99,128,Webcam,1,1031.01,2023-12-10,Curitiba,1031.01
100,137,Webcam,1,926.23,2023-05-09,São Paulo,926.23
101,156,Mouse,4,1192.44,2023-05-16,Rio de Janeiro,4769.76
102,196,Headset,4,1268.33,2023-03-04,Curitiba,5073.32
103,126,Mouse,1,189.96,2023-05-19,Curitiba,189.96
104,154,Monitor,1,1381.1,2023-03-22,Rio de Janeiro,1381.1
105,132,Webcam,1,521.77,2023-06-12,Belo Horizonte,521.77
106,167,Laptop,1,1442.21,2023-10-16,Curitiba,1442.21
107,185,Laptop,2,1653.94,2023-09-18,São Paulo,3307.88
108,165,Headset,1,1617.72,2023-08-19,Curitiba,1617.72
109,109,Monitor,4,1127.38,2023-02-10,São Paulo,4509.52
110,104,Teclado,3,1064.33,2023-01-28,São Paulo,3192.99
111,173,Monitor,2,328.61,2023-05-15,Curitiba,657.22
112,196,Laptop,1,1561.92,2023-07-20,Curitiba,1561.92
113,137,Laptop,3,579.25,2023-11-24,São Paulo,1737.75
114,112,Webcam,2,1018.56,2023-09-25,Rio de Janeiro,2037.12
115,130,Monitor,3,604.33,2023-02-02,Rio de Janeiro,1812.99
116,146,Monitor,1,310.97,2023-02-17,Curitiba,310.97
117,199,Laptop,1,1277.64,2023-03-03,Belo Horizonte,1277.64
118,187,Teclado,4,155.95,2023-08-04,Rio de Janeiro,623.8
119,151,Headset,1,1509.86,2023-10-20,Curitiba,1509.86
120,155,Headset,1,669.29,2023-04-09,Rio de Janeiro,669.29
121,114,Monitor,2,50.26,2023-06-21,Belo Horizonte,100.52
122,128,Headset,4,1046.7,2023-12-26,Curitiba,4186.8
123,107,Laptop,2,141.36,2023-08-02,Belo Horizonte,282.72
124,104,Laptop,3,588.53,2023-02-04,Curitiba,1765.59
125,128,Monitor,1,1428.6,2023-08-15,Belo Horizonte,1428.6
126,146,Monitor,3,172.24,2023-04-11,Rio de Janeiro,516.72
127,167,Webcam,2,1686.71,2023-05-11,Rio de Janeiro,3373.42
128,175,Monitor,1,57.45,2023-09-14,Belo Horizonte,57.45
129,144,Teclado,1,531.31,2023-01-05,Belo Horizonte,531.31
130,101,Headset,2,1494.76,2023-08-06,Belo Horizonte,2989.52
131,126,Monitor,2,666.73,2023-09-12,Curitiba,1333.46
132,194,Mouse,2,248.69,2023-12-25,Rio de Janeiro,497.38
133,135,Webcam,2,752.46,2023-10-10,Curitiba,1504.92
134,135,Mouse,2,577.27,2023-07-26,Rio de Janeiro,1154.54
135,125,Laptop,1,1693.29,2023-01-15,São Paulo,1693.29
136,142,Headset,2,661.03,2023-12-12,Curitiba,1322.06
137,126,Monitor,1,1588.42,2023-02-11,Rio de Janeiro,1588.42
138,168,Mouse,1,1789.15,2023-06-28,Rio de Janeiro,1789.15
139,119,Headset,2,895.94,2023-03-04,Curitiba,1791.88
140,110,Laptop,2,1824.39,2023-12-18,Curitiba,3648.78
141,173,Teclado,4,785.77,2023-08-19,Rio de Janeiro,3143.08
142,137,Webcam,1,1929.95,2023-08-29,Curitiba,1929.95
143,105,Headset,2,224.11,2023-02-21,Belo Horizonte,448.22
144,171,Headset,2,1389.69,2023-04-06,Curitiba,2779.38
145,122,Teclado,2,1012.94,2023-08-10,Curitiba,2025.88
146,146,Headset,4,805.92,2023-08-19,Curitiba,3223.68
147,189,Laptop,4,1283.79,2023-08-25,Rio de Janeiro,5135.16
148,145,Laptop,3,1422.52,2023-05-23,Belo Horizonte,4267.56
149,111,Teclado,1,58.51,2023-06-20,São Paulo,58.51
150,189,Webcam,3,375.56,2023-01-29,São Paulo,1126.68
151,112,Monitor,2,1440.44,2023-02-05,Belo Horizonte,2880.88
152,161,Mouse,4,1349.45,2023-01-13,Belo Horizonte,5397.8
153,181,Monitor,4,1933.79,2023-06-09,Belo Horizonte,7735.16
154,188,Headset,3,1534.02,2023-11-23,Rio de Janeiro,4602.06
155,196,Mouse,4,1904.01,2023-07-06,São Paulo,7616.04
156,159,Teclado,2,1419.95,2023-08-31,Belo Horizonte,2839.9
157,142,Teclado,4,631.2,2023-03-27,Rio de Janeiro,2524.8
158,175,Webcam,3,255.46,2023-10-11,São Paulo,766.38
159,199,Mouse,2,1574.56,2023-03-07,Curitiba,3149.12
160,167,Laptop,3,1306.09,2023-06-19,Rio de Janeiro,3918.27
161,104,Mouse,4,143.96,2023-02-14,São Paulo,575.84
162,136,Headset,3,752.1,2023-03-03,Rio de Janeiro,2256.3
163,171,Laptop,3,1915.76,2023-05-14,São Paulo,5747.28
164,191,Teclado,1,1025.78,2023-10-11,São Paulo,1025.78
165,130,Mouse,4,893.82,2023-01-28,Curitiba,3575.28
166,108,Monitor,4,942.51,2023-04-18,Rio de Janeiro,3770.04
167,150,Webcam,3,457.32,2023-02-13,Belo Horizonte,1371.96
168,128,Monitor,1,768.98,2023-12-06,Curitiba,768.98
169,177,Webcam,4,771.14,2023-10-13,Curitiba,3084.56
170,139,Headset,2,152.09,2023-11-27,São Paulo,304.18
171,140,Monitor,3,1546.76,2023-05-08,Belo Horizonte,4640.28
172,185,Mouse,4,862.18,2023-12-14,Rio de Janeiro,3448.72
173,110,Mouse,2,1653.25,2023-08-19,Belo Horizonte,3306.5
174,122,Monitor,4,1708.18,2023-07-09,Belo Horizonte,6832.72
175,100,Mouse,2,463.39,2023-08-13,Belo Horizonte,926.78
176,145,Headset,3,1331.84,2023-10-10,Belo Horizonte,3995.52
177,120,Laptop,4,970.95,2023-05-01,Belo Horizonte,3883.8
178,189,Headset,4,1766.31,2023-04-26,São Paulo,7065.24
179,135,Webcam,1,470.69,2023-08-21,São Paulo,470.69
180,153,Headset,3,1371.74,2023-09-16,Curitiba,4115.22
181,186,Webcam,2,1235.12,2023-12-25,São Paulo,2470.24
182,156,Mouse,4,625.84,2023-07-17,Curitiba,2503.36
183,100,Laptop,4,316.37,2023-05-17,Curitiba,1265.48
184,162,Mouse,2,1320.7,2023-11-14,Rio de Janeiro,2641.4
185,153,Teclado,3,1490.27,2023-06-14,Belo Horizonte,4470.81
186,154,Mouse,1,665.47,2023-08-13,São Paulo,665.47
187,139,Webcam,1,1307.42,2023-11-03,Rio de Janeiro,1307.42
188,114,Mouse,4,820.51,2023-08-22,São Paulo,3282.04
189,120,Mouse,2,1440.75,2023-06-21,Curitiba,2881.5
190,146,Laptop,4,438.47,2023-06-01,São Paulo,1753.88
191,172,Mouse,2,1785.92,2023-11-11,Belo Horizonte,3571.84
192,152,Laptop,1,610.45,2023-06-09,Curitiba,610.45
193,108,Monitor,3,767.18,2023-04-06,Curitiba,2301.54
194,173,Teclado,2,163.28,2023-08-21,Rio de Janeiro,326.56
195,151,Laptop,1,267.45,2023-06-29,Belo Horizonte,267.45
196,156,Webcam,4,1055.93,2023-04-23,Curitiba,4223.72
197,125,Monitor,2,571.81,2023-11-14,Belo Horizonte,1143.62
198,140,Laptop,3,1679.19,2023-02-21,São Paulo,5037.57
199,134,Laptop,4,78.65,2023-09-25,Belo Horizonte,314.6
200,162,Teclado,4,789.23,2023-10-22,Curitiba,3156.92
201,124,Webcam,1,707.82,2023-04-23,Rio de Janeiro,707.82
202,189,Headset,2,87.69,2023-04-11,Curitiba,175.38
203,174,Headset,4,292.52,2023-04-23,Belo Horizonte,1170.08
204,137,Laptop,3,856.6,2023-03-22,Belo Horizonte,2569.8
205,101,Mouse,2,1011.09,2023-07-06,Curitiba,2022.18
206,106,Webcam,3,838.37,2023-04-23,Belo Horizonte,2515.11
207,181,Monitor,4,1085.33,2023-01-02,São Paulo,4341.32
208,190,Mouse,3,1210.51,2023-05-10,Curitiba,3631.53
209,133,Mouse,1,69.35,2023-08-08,Rio de Janeiro,69.35
210,190,Webcam,3,954.99,2023-02-23,Curitiba,2864.97
211,116,Laptop,2,1928.82,2023-12-09,São Paulo,3857.64
212,142,Laptop,3,1062.11,2023-08-12,São Paulo,3186.33
213,158,Laptop,3,1371.21,2023-08-13,São Paulo,4113.63
214,150,Laptop,1,658.13,2023-05-06,São Paulo,658.13
215,153,Headset,3,1559.28,2023-05-10,São Paulo,4677.84
216,123,Laptop,3,1557.2,2023-02-22,Rio de Janeiro,4671.6
217,124,Headset,4,1066.53,2023-06-21,Belo Horizonte,4266.12
218,170,Headset,4,1953.23,2023-08-06,São Paulo,7812.92
219,151,Laptop,2,294.82,2023-06-09,São Paulo,589.64
220,169,Teclado,4,83.05,2023-07-17,Curitiba,332.2
221,187,Monitor,4,1551.81,2023-09-04,Rio de Janeiro,6207.24
222,132,Mouse,4,1623.95,2023-11-20,Rio de Janeiro,6495.8
223,148,Headset,4,284.4,2023-07-22,Belo Horizonte,1137.6
224,128,Webcam,1,567.89,2023-07-03,Rio de Janeiro,567.89
225,162,Webcam,4,84.23,2023-05-03,Curitiba,336.92
226,121,Monitor,1,621.95,2023-09-12,Curitiba,621.95
227,125,Webcam,1,1557.63,2023-10-21,Belo Horizonte,1557.63
228,127,Teclado,4,1060.02,2023-10-07,Curitiba,4240.08
229,184,Webcam,3,728.79,2023-11-21,São Paulo,2186.37
230,148,Mouse,1,774.89,2023-04-08,São Paulo,774.89
231,170,Mouse,3,52.64,2023-07-17,Curitiba,157.92
232,180,Headset,3,634.61,2023-08-28,Belo Horizonte,1903.83
233,183,Laptop,4,1310.59,2023-05-24,Rio de Janeiro,5242.36
234,148,Teclado,2,1949.68,2023-04-07,Belo Horizonte,3899.36
235,119,Headset,4,1701.77,2023-07-20,Rio de Janeiro,6807.08
236,185,Teclado,2,96.01,2023-05-04,Curitiba,192.02
237,191,Laptop,2,1802.19,2023-07-06,Curitiba,3604.38
238,162,Webcam,4,1577.24,2023-11-22,São Paulo,6308.96
239,160,Webcam,4,1571.73,2023-12-15,Rio de Janeiro,6286.92
240,148,Laptop,2,943.09,2023-09-16,Belo Horizonte,1886.18
241,170,Headset,4,826.11,2023-05-28,Curitiba,3304.44
242,100,Laptop,2,640.69,2023-09-09,Belo Horizonte,1281.38
243,195,Monitor,3,178.1,2023-12-12,São Paulo,534.3
244,112,Mouse,4,495.06,2023-05-27,Rio de Janeiro,1980.24
245,193,Headset,3,530.88,2023-05-28,Rio de Janeiro,1592.64
246,186,Teclado,1,993.95,2023-12-18,Curitiba,993.95
247,150,Monitor,3,1507.52,2023-07-18,Rio de Janeiro,4522.56
248,155,Headset,3,973.93,2023-11-04,Curitiba,2921.79
249,182,Laptop,2,162.8,2023-05-08,São Paulo,325.6
250,161,Laptop,3,1917.69,2023-02-08,Rio de Janeiro,5753.07
251,131,Laptop,4,1888.31,2023-12-04,Curitiba,7553.24
252,129,Laptop,2,1581.12,2023-12-26,Belo Horizonte,3162.24
253,128,Teclado,1,1983.09,2023-05-09,Curitiba,1983.09
254,148,Monitor,4,1111.74,2023-09-24,Rio de Janeiro,4446.96
255,144,Webcam,1,1927.4,2023-05-31,São Paulo,1927.4
256,192,Mouse,3,197.43,2023-10-25,Rio de Janeiro,592.29
257,129,Teclado,4,763.08,2023-04-09,Rio de Janeiro,3052.32
258,115,Teclado,4,489.49,2023-09-20,Curitiba,1957.96
259,139,Webcam,1,431.87,2023-09-09,Belo Horizonte,431.87
260,118,Webcam,4,324.57,2023-05-24,Rio de Janeiro,1298.28
261,117,Mouse,4,1263.71,2023-12-12,Belo Horizonte,5054.84
262,100,Mouse,4,1573.58,2023-04-22,Curitiba,6294.32
263,177,Webcam,3,1177.68,2023-03-01,Belo Horizonte,3533.04
264,146,Laptop,1,336.58,2023-01-02,Curitiba,336.58
265,165,Teclado,4,1631.69,2023-10-31,São Paulo,6526.76
266,191,Headset,2,1290.11,2023-09-11,Belo Horizonte,2580.22
267,193,Mouse,2,806.92,2023-05-20,Belo Horizonte,1613.84
268,137,Mouse,2,1364.55,2023-02-06,São Paulo,2729.1
269,150,Webcam,2,556.81,2023-06-09,Belo Horizonte,1113.62
270,162,Monitor,3,723.12,2023-01-09,São Paulo,2169.36
271,103,Headset,4,1839.1,2023-08-21,Rio de Janeiro,7356.4
272,100,Headset,1,616.48,2023-04-09,Curitiba,616.48
273,107,Mouse,4,966.48,2023-05-27,São Paulo,3865.92
274,128,Laptop,3,1785.78,2023-10-31,Belo Horizonte,5357.34
275,154,Monitor,2,1430.06,2023-07-27,São Paulo,2860.12
276,102,Headset,3,171.3,2023-05-11,Belo Horizonte,513.9
277,131,Mouse,4,337.24,2023-06-01,Rio de Janeiro,1348.96
278,109,Headset,1,65.29,2023-02-23,São Paulo,65.29
279,173,Monitor,3,1280.3,2023-04-30,Rio de Janeiro,3840.9
280,182,Monitor,1,922.96,2023-06-10,Curitiba,922.96
281,133,Teclado,3,311.84,2023-04-26,Belo Horizonte,935.52
282,196,Webcam,1,1917.97,2023-03-16,Belo Horizonte,1917.97
283,186,Webcam,1,1082.84,2023-04-23,Rio de Janeiro,1082.84
284,154,Mouse,2,521.69,2023-04-14,Curitiba,1043.38
285,191,Monitor,1,1026.18,2023-12-06,São Paulo,1026.18
286,131,Teclado,2,1375.26,2023-09-11,São Paulo,2750.52
287,149,Teclado,4,198.67,2023-08-15,Belo Horizonte,794.68
288,106,Headset,4,585.67,2023-04-22,Rio de Janeiro,2342.68
289,192,Headset,2,1623.58,2023-04-09,Rio de Janeiro,3247.16
290,107,Teclado,2,946.35,2023-06-02,São Paulo,1892.7
291,164,Headset,3,1115.83,2023-12-15,Curitiba,3347.49
292,156,Monitor,3,893.99,2023-12-04,Curitiba,2681.97
293,166,Laptop,3,135.6,2023-07-13,São Paulo,406.8
294,187,Monitor,4,373.21,2023-11-06,São Paulo,1492.84
295,186,Teclado,3,918.81,2023-06-12,Rio de Janeiro,2756.43
296,158,Teclado,1,457.91,2023-07-27,Curitiba,457.91
297,171,Monitor,1,147.46,2023-06-18,São Paulo,147.46
298,153,Headset,3,1695.12,2023-06-10,São Paulo,5085.36
299,166,Headset,1,1963.33,2023-03-09,Belo Horizonte,1963.33
300,150,Webcam,4,1596.63,2023-10-16,São Paulo,6386.52
301,196,Teclado,1,1714.88,2023-10-04,São Paulo,1714.88
302,191,Mouse,4,521.86,2023-10-31,Curitiba,2087.44
303,107,Webcam,2,1923.22,2023-05-15,Rio de Janeiro,3846.44
304,133,Headset,2,434.01,2023-07-14,Curitiba,868.02
305,134,Monitor,2,1905.29,2023-05-08,Rio de Janeiro,3810.58
306,195,Headset,2,1989.9,2023-02-02,Belo Horizonte,3979.8
307,187,Monitor,1,1437.86,2023-06-25,São Paulo,1437.86
308,177,Webcam,3,1963.23,2023-01-22,Belo Horizonte,5889.69
309,131,Teclado,1,1160.6,2023-08-26,Rio de Janeiro,1160.6
310,145,Headset,4,556.11,2023-06-07,Curitiba,2224.44
311,115,Monitor,1,902.14,2023-02-07,Curitiba,902.14
312,167,Teclado,1,1207.44,2023-08-18,Belo Horizonte,1207.44
313,136,Mouse,4,192.51,2023-12-31,Rio de Janeiro,770.04
314,153,Monitor,2,1263.57,2023-02-20,Belo Horizonte,2527.14
315,184,Webcam,2,1963.3,2023-09-21,Belo Horizonte,3926.6
316,113,Mouse,2,420.71,2023-10-10,São Paulo,841.42
317,194,Mouse,3,1595.56,2023-01-27,Belo Horizonte,4786.68
318,154,Laptop,4,1820.4,2023-08-14,São Paulo,7281.6
319,147,Headset,4,1890.22,2023-10-04,São Paulo,7560.88
320,181,Monitor,1,1922.26,2023-10-13,Curitiba,1922.26
321,106,Mouse,3,1066.85,2023-04-07,São Paulo,3200.55
322,173,Laptop,2,1955.75,2023-10-11,São Paulo,3911.5
323,106,Webcam,3,1526.75,2023-11-13,Curitiba,4580.25
324,132,Teclado,4,365.26,2023-10-31,Belo Horizonte,1461.04
325,122,Monitor,4,979.96,2023-05-27,Rio de Janeiro,3919.84
326,184,Mouse,1,1450.75,2023-01-04,Rio de Janeiro,1450.75
327,118,Headset,1,532.31,2023-02-04,Rio de Janeiro,532.31
328,118,Laptop,4,1299.2,2023-07-11,Belo Horizonte,5196.8
329,135,Mouse,2,1349.87,2023-02-18,São Paulo,2699.74
330,128,Headset,2,367.26,2023-01-17,Rio de Janeiro,734.52
331,159,Mouse,3,1151.92,2023-06-21,Belo Horizonte,3455.76
332,181,Monitor,4,1554.67,2023-08-08,São Paulo,6218.68
333,101,Monitor,4,1022.85,2023-06-07,Curitiba,4091.4
334,100,Monitor,2,73.6,2023-02-15,Rio de Janeiro,147.2
335,146,Webcam,2,67.63,2023-01-06,São Paulo,135.26
336,168,Webcam,4,746.21,2023-04-09,Rio de Janeiro,2984.84
337,119,Laptop,1,1856.08,2023-08-21,Rio de Janeiro,1856.08
338,110,Monitor,4,495.92,2023-02-06,Rio de Janeiro,1983.68
339,101,Headset,4,1287.01,2023-10-07,São Paulo,5148.04
340,166,Mouse,2,483.05,2023-12-15,Belo Horizonte,966.1
341,186,Teclado,2,677.26,2023-10-29,São Paulo,1354.52
342,111,Headset,1,1703.68,2023-06-30,Rio de Janeiro,1703.68
343,119,Webcam,1,1471.28,2023-04-05,São Paulo,1471.28
344,104,Webcam,3,236.03,2023-04-09,Curitiba,708.09
345,136,Headset,4,885.97,2023-07-07,Belo Horizonte,3543.88
346,137,Webcam,2,106.88,2023-04-26,São Paulo,213.76
347,193,Monitor,1,987.74,2023-07-10,Curitiba,987.74
348,108,Laptop,3,1341.75,2023-09-10,Belo Horizonte,4025.25
349,197,Mouse,3,281.08,2023-06-10,Curitiba,843.24
350,152,Laptop,2,613.33,2023-09-13,Belo Horizonte,1226.66
351,143,Mouse,2,825.78,2023-11-19,São Paulo,1651.56
352,198,Mouse,3,1843.09,2023-05-08,Curitiba,5529.27
353,185,Laptop,1,1986.85,2023-01-18,Rio de Janeiro,1986.85
354,123,Headset,3,137.58,2023-10-08,Curitiba,412.74
355,180,Mouse,4,1533.97,2023-08-11,Belo Horizonte,6135.88
356,173,Laptop,4,774.86,2023-02-23,São Paulo,3099.44
357,129,Mouse,2,815.29,2023-02-27,Belo Horizonte,1630.58
358,158,Teclado,1,1520.82,2023-11-19,Curitiba,1520.82
359,186,Headset,1,1840.93,2023-12-26,Curitiba,1840.93
360,195,Monitor,4,1904.31,2023-06-23,Rio de Janeiro,7617.24
361,180,Mouse,3,1175.39,2023-10-07,São Paulo,3526.17
362,180,Teclado,2,746.39,2023-04-24,São Paulo,1492.78
363,113,Monitor,3,1585.72,2023-10-15,Curitiba,4757.16
364,108,Monitor,3,539.45,2023-12-08,São Paulo,1618.35
365,139,Mouse,3,1149.94,2023-05-31,Rio de Janeiro,3449.82
366,165,Laptop,1,749.23,2023-05-07,Belo Horizonte,749.23
367,124,Mouse,4,1330.43,2023-06-04,São Paulo,5321.72
368,172,Teclado,1,518.78,2023-09-30,Curitiba,518.78
369,121,Monitor,4,423.61,2023-04-14,Belo Horizonte,1694.44
370,103,Mouse,2,1840.57,2023-10-26,Belo Horizonte,3681.14
371,125,Laptop,2,248.52,2023-09-03,Rio de Janeiro,497.04
372,157,Mouse,3,1036.62,2023-06-25,Curitiba,3109.86
373,128,Headset,4,480.66,2023-02-08,São Paulo,1922.64
374,197,Laptop,4,125.91,2023-06-19,Curitiba,503.64
375,186,Teclado,4,120.24,2023-09-04,Belo Horizonte,480.96
376,136,Monitor,3,391.68,2023-01-26,Curitiba,1175.04
377,174,Mouse,3,1740.2,2023-12-21,São Paulo,5220.6
378,169,Laptop,2,600.83,2023-11-02,São Paulo,1201.66
379,117,Headset,1,1903.4,2023-01-13,Rio de Janeiro,1903.4
380,184,Laptop,4,1184.16,2023-11-12,São Paulo,4736.64
381,141,Webcam,4,901.4,2023-11-09,São Paulo,3605.6
382,199,Headset,1,1181.17,2023-02-05,Curitiba,1181.17
383,140,Teclado,4,1057.56,2023-06-22,Curitiba,4230.24
384,137,Monitor,3,1529.61,2023-01-20,Belo Horizonte,4588.83
385,133,Teclado,3,600.87,2023-11-17,Rio de Janeiro,1802.61
386,116,Mouse,4,738.45,2023-09-21,Curitiba,2953.8
387,136,Laptop,3,1793.48,2023-05-22,São Paulo,5380.44
388,124,Webcam,3,1895.59,2023-05-23,Belo Horizonte,5686.77
389,175,Headset,4,1790.49,2023-04-02,Curitiba,7161.96
390,186,Headset,2,867.92,2023-12-20,Rio de Janeiro,1735.84
391,185,Laptop,1,1571.71,2023-11-18,Rio de Janeiro,1571.71
392,184,Webcam,3,978.85,2023-10-15,Belo Horizonte,2936.55
393,126,Laptop,2,1020.2,2023-08-03,Belo Horizonte,2040.4
394,156,Mouse,3,449.13,2023-12-08,Belo Horizonte,1347.39
395,130,Teclado,3,1202.7,2023-02-20,Belo Horizonte,3608.1
396,105,Headset,1,412.97,2023-06-02,Belo Horizonte,412.97
397,190,Mouse,3,696.55,2023-07-05,São Paulo,2089.65
398,139,Teclado,1,1717.31,2023-03-04,São Paulo,1717.31
399,197,Mouse,1,453.8,2023-07-09,Curitiba,453.8
400,111,Webcam,1,188.76,2023-05-05,Rio de Janeiro,188.76
401,152,Headset,2,184.56,2023-05-30,São Paulo,369.12
402,170,Laptop,4,1884.53,2023-11-10,São Paulo,7538.12
403,109,Laptop,2,1038.49,2023-02-27,São Paulo,2076.98
404,144,Teclado,4,848.35,2023-12-08,Curitiba,3393.4
405,116,Monitor,4,1631.21,2023-11-01,Belo Horizonte,6524.84
406,125,Webcam,1,1679.86,2023-06-29,Curitiba,1679.86
407,184,Teclado,3,697.77,2023-06-19,Rio de Janeiro,2093.31
408,191,Monitor,1,1402.56,2023-11-22,Rio de Janeiro,1402.56
409,161,Mouse,3,1553.69,2023-09-28,Rio de Janeiro,4661.07
410,145,Webcam,4,1326.57,2023-02-23,Rio de Janeiro,5306.28
411,163,Mouse,1,345.61,2023-04-11,São Paulo,345.61
412,101,Headset,3,1757.97,2023-09-21,São Paulo,5273.91
413,153,Webcam,2,1101.23,2023-02-22,Curitiba,2202.46
414,164,Monitor,3,600.82,2023-03-01,Belo Horizonte,1802.46
415,150,Headset,1,879.19,2023-04-18,Rio de Janeiro,879.19
416,152,Laptop,2,123.26,2023-01-05,Curitiba,246.52
417,135,Monitor,3,299.34,2023-04-13,São Paulo,898.02
418,125,Teclado,3,1542.82,2023-07-15,São Paulo,4628.46
419,128,Laptop,3,50.02,2023-09-19,Belo Horizonte,150.06
420,120,Laptop,3,862.3,2023-12-31,Belo Horizonte,2586.9
421,110,Teclado,3,1068.89,2023-12-16,Belo Horizonte,3206.67
422,139,Webcam,2,156.54,2023-02-16,Curitiba,313.08
423,110,Laptop,4,1947.5,2023-12-21,São Paulo,7790.0
424,135,Monitor,2,490.94,2023-11-07,São Paulo,981.88
425,158,Headset,2,643.19,2023-11-04,Belo Horizonte,1286.38
426,138,Laptop,2,642.69,2023-05-24,Rio de Janeiro,1285.38
427,198,Monitor,4,499.31,2023-09-26,Belo Horizonte,1997.24
428,153,Mouse,1,52.87,2023-05-04,Curitiba,52.87
429,197,Monitor,4,1472.22,2023-04-16,Belo Horizonte,5888.88
430,154,Headset,2,1935.35,2023-06-07,Belo Horizonte,3870.7
431,123,Monitor,3,487.37,2023-05-27,Curitiba,1462.11
432,121,Teclado,3,1342.94,2023-05-25,Belo Horizonte,4028.82
433,168,Headset,2,1496.7,2023-04-30,São Paulo,2993.4
434,155,Webcam,3,1704.43,2023-11-15,Rio de Janeiro,5113.29
435,132,Mouse,2,874.13,2023-10-02,Belo Horizonte,1748.26
436,135,Teclado,3,640.72,2023-04-02,Curitiba,1922.16
437,119,Webcam,4,684.33,2023-02-27,Rio de Janeiro,2737.32
438,182,Monitor,1,1439.61,2023-12-12,Curitiba,1439.61
439,198,Headset,1,1642.72,2023-08-17,Rio de Janeiro,1642.72
440,180,Mouse,4,404.15,2023-04-27,Rio de Janeiro,1616.6
441,161,Teclado,4,773.33,2023-11-14,Belo Horizonte,3093.32
442,197,Webcam,2,1808.78,2023-10-06,São Paulo,3617.56
443,172,Webcam,2,1623.05,2023-05-07,Belo Horizonte,3246.1
444,125,Mouse,2,1970.47,2023-05-09,Curitiba,3940.94
445,165,Monitor,3,1520.78,2023-02-27,Curitiba,4562.34
446,172,Mouse,2,816.73,2023-05-02,Rio de Janeiro,1633.46
447,172,Webcam,4,1201.74,2023-01-01,Rio de Janeiro,4806.96
448,139,Laptop,1,1338.98,2023-08-27,São Paulo,1338.98
449,116,Teclado,3,202.99,2023-10-17,Belo Horizonte,608.97
450,100,Mouse,2,1111.77,2023-04-06,Curitiba,2223.54
451,188,Webcam,3,1433.18,2023-05-06,Rio de Janeiro,4299.54
452,160,Monitor,3,376.28,2023-04-28,São Paulo,1128.84
453,142,Webcam,2,1572.23,2023-02-17,Curitiba,3144.46
454,141,Monitor,3,1188.36,2023-03-30,Rio de Janeiro,3565.08
455,124,Mouse,1,1906.83,2023-08-25,Curitiba,1906.83
456,138,Monitor,4,132.72,2023-09-29,São Paulo,530.88
457,134,Headset,4,567.39,2023-07-08,São Paulo,2269.56
458,102,Headset,1,1223.03,2023-07-11,Curitiba,1223.03
459,143,Headset,3,628.29,2023-03-10,Belo Horizonte,1884.87
460,150,Laptop,2,1443.13,2023-10-05,Curitiba,2886.26
461,193,Mouse,3,1530.06,2023-12-15,Rio de Janeiro,4590.18
462,197,Webcam,1,249.91,2023-09-04,Belo Horizonte,249.91
463,111,Webcam,3,1052.02,2023-03-17,Rio de Janeiro,3156.06
464,118,Laptop,4,1042.34,2023-06-03,Curitiba,4169.36
465,143,Monitor,3,770.1,2023-05-24,Belo Horizonte,2310.3
466,158,Laptop,1,1869.2,2023-03-27,Rio de Janeiro,1869.2
467,148,Monitor,4,1663.64,2023-07-04,Curitiba,6654.56
468,160,Monitor,3,1409.56,2023-10-12,Curitiba,4228.68
469,116,Teclado,3,1442.94,2023-08-08,Belo Horizonte,4328.82
470,173,Webcam,4,950.35,2023-03-10,Curitiba,3801.4
471,156,Headset,2,1845.94,2023-02-16,São Paulo,3691.88
472,154,Monitor,4,1404.46,2023-04-04,Rio de Janeiro,5617.84
473,146,Teclado,2,1471.51,2023-08-26,Rio de Janeiro,2943.02
474,111,Webcam,1,1730.3,2023-07-23,Curitiba,1730.3
475,161,Headset,1,584.44,2023-08-06,Curitiba,584.44
476,179,Monitor,4,1623.79,2023-12-07,São Paulo,6495.16
477,187,Monitor,4,430.72,2023-02-08,Belo Horizonte,1722.88
478,182,Laptop,1,723.42,2023-04-10,Curitiba,723.42
479,107,Laptop,2,704.44,2023-10-16,Curitiba,1408.88
480,194,Webcam,1,1958.12,2023-09-11,Curitiba,1958.12
481,120,Headset,4,1720.25,2023-08-10,Curitiba,6881.0
482,180,Monitor,1,1417.28,2023-12-23,Rio de Janeiro,1417.28
483,186,Webcam,4,1467.76,2023-01-23,Curitiba,5871.04
484,179,Webcam,4,1146.04,2023-09-07,Rio de Janeiro,4584.16
485,169,Mouse,1,1896.83,2023-01-10,Curitiba,1896.83
486,171,Laptop,2,1017.7,2023-09-03,Belo Horizonte,2035.4
487,124,Headset,3,792.01,2023-11-21,São Paulo,2376.03
488,181,Monitor,1,367.92,2023-04-10,Belo Horizonte,367.92
489,188,Webcam,3,1583.1,2023-10-17,Curitiba,4749.3
490,111,Monitor,1,1482.17,2023-06-29,Curitiba,1482.17
491,114,Mouse,3,799.49,2023-08-11,Curitiba,2398.47
492,158,Headset,2,99.13,2023-09-07,Belo Horizonte,198.26
493,125,Webcam,2,1686.04,2023-05-27,Curitiba,3372.08
494,125,Monitor,1,72.27,2023-04-06,Belo Horizonte,72.27
495,146,Laptop,4,1422.21,2023-09-14,Rio de Janeiro,5688.84
496,131,Mouse,3,1942.0,2023-11-21,São Paulo,5826.0
497,109,Headset,4,903.44,2023-01-04,São Paulo,3613.76
498,115,Mouse,4,508.2,2023-01-16,Belo Horizonte,2032.8
499,170,Laptop,4,1424.5,2023-10-07,Rio de Janeiro,5698.0
500,116,Headset,2,1643.4,2023-12-02,Belo Horizonte,3286.8
501,122,Mouse,1,1115.54,2023-09-04,Rio de Janeiro,1115.54
502,125,Teclado,1,1935.72,2023-09-15,Curitiba,1935.72
503,184,Laptop,2,150.75,2023-06-09,Rio de Janeiro,301.5
504,185,Laptop,2,1034.35,2023-12-06,Rio de Janeiro,2068.7
505,106,Laptop,1,1450.99,2023-06-01,Rio de Janeiro,1450.99
506,113,Teclado,4,1732.15,2023-06-27,São Paulo,6928.6
507,178,Teclado,3,399.55,2023-06-12,Rio de Janeiro,1198.65
508,106,Monitor,3,1610.01,2023-02-02,Curitiba,4830.03
509,108,Webcam,3,1127.78,2023-06-28,Curitiba,3383.34
510,147,Mouse,4,823.28,2023-04-11,Curitiba,3293.12
511,171,Monitor,1,306.84,2023-09-25,Rio de Janeiro,306.84
512,158,Mouse,2,1737.33,2023-11-19,Belo Horizonte,3474.66
513,186,Webcam,1,356.68,2023-03-06,Belo Horizonte,356.68
514,192,Teclado,4,654.09,2023-06-17,Curitiba,2616.36
515,181,Webcam,2,615.59,2023-11-26,São Paulo,1231.18
516,194,Teclado,4,1749.26,2023-02-12,Belo Horizonte,6997.04
517,193,Webcam,3,1361.77,2023-02-13,Rio de Janeiro,4085.31
518,138,Monitor,3,1603.53,2023-10-12,Belo Horizonte,4810.59
519,198,Headset,4,538.41,2023-01-12,Curitiba,2153.64
520,117,Monitor,2,1268.5,2023-04-05,São Paulo,2537.0
521,158,Mouse,2,1164.9,2023-10-29,Belo Horizonte,2329.8
522,116,Monitor,1,1674.02,2023-09-10,Belo Horizonte,1674.02
523,113,Laptop,3,1816.87,2023-08-30,Curitiba,5450.61
524,130,Mouse,1,73.71,2023-02-04,São Paulo,73.71
525,123,Webcam,1,1364.34,2023-08-03,São Paulo,1364.34
526,198,Mouse,4,151.08,2023-12-03,Curitiba,604.32
527,159,Headset,4,1120.27,2023-03-31,Rio de Janeiro,4481.08
528,144,Teclado,1,610.88,2023-09-21,Belo Horizonte,610.88
529,197,Webcam,3,648.21,2023-04-03,Rio de Janeiro,1944.63
530,102,Mouse,4,738.27,2023-03-31,Belo Horizonte,2953.08
531,136,Webcam,1,1261.52,2023-04-25,Belo Horizonte,1261.52
532,142,Webcam,1,701.4,2023-04-15,Rio de Janeiro,701.4
533,139,Webcam,1,1478.76,2023-07-15,Curitiba,1478.76
534,189,Teclado,1,838.83,2023-11-10,Curitiba,838.83
535,154,Monitor,1,183.29,2023-04-24,Belo Horizonte,183.29
536,186,Webcam,1,1578.33,2023-03-16,Curitiba,1578.33
537,138,Laptop,4,607.23,2023-08-05,Belo Horizonte,2428.92
538,114,Headset,3,893.9,2023-10-04,Curitiba,2681.7
539,103,Teclado,1,1386.62,2023-09-06,Belo Horizonte,1386.62
540,192,Mouse,2,698.29,2023-06-13,Curitiba,1396.58
541,185,Teclado,4,160.34,2023-12-23,São Paulo,641.36
542,124,Mouse,4,779.15,2023-07-11,Rio de Janeiro,3116.6
543,112,Teclado,1,1891.67,2023-08-15,São Paulo,1891.67
544,181,Mouse,4,1301.38,2023-06-26,Rio de Janeiro,5205.52
545,132,Webcam,1,1359.38,2023-04-09,Rio de Janeiro,1359.38
546,115,Monitor,3,1282.95,2023-02-05,Belo Horizonte,3848.85
547,141,Mouse,3,438.03,2023-04-06,Rio de Janeiro,1314.09
548,165,Mouse,4,865.75,2023-06-01,São Paulo,3463.0
549,154,Laptop,4,1514.33,2023-05-31,São Paulo,6057.32
550,198,Mouse,2,247.68,2023-07-09,Curitiba,495.36
551,141,Laptop,4,591.81,2023-08-12,São Paulo,2367.24
552,133,Headset,2,588.82,2023-02-06,Curitiba,1177.64
553,129,Webcam,3,892.44,2023-09-25,Rio de Janeiro,2677.32
554,112,Laptop,3,1961.72,2023-07-02,São Paulo,5885.16
555,112,Monitor,1,181.63,2023-01-13,Rio de Janeiro,181.63
556,117,Webcam,3,1061.47,2023-10-06,São Paulo,3184.41
557,131,Laptop,2,399.76,2023-08-05,São Paulo,799.52
558,195,Webcam,4,1942.82,2023-12-21,Curitiba,7771.28
559,198,Webcam,1,270.94,2023-12-27,Rio de Janeiro,270.94
560,138,Webcam,2,837.02,2023-10-13,São Paulo,1674.04
561,145,Headset,4,1488.88,2023-09-30,Belo Horizonte,5955.52
562,128,Monitor,1,1423.88,2023-03-03,Rio de Janeiro,1423.88
563,161,Teclado,3,874.32,2023-03-25,Rio de Janeiro,2622.96
564,192,Teclado,2,725.72,2023-08-05,Rio de Janeiro,1451.44
565,161,Laptop,4,825.34,2023-12-08,Curitiba,3301.36
566,156,Webcam,1,565.34,2023-07-06,Belo Horizonte,565.34
567,115,Laptop,1,450.4,2023-01-19,Rio de Janeiro,450.4
568,155,Headset,3,991.93,2023-06-26,São Paulo,2975.79
569,109,Headset,4,573.64,2023-04-10,São Paulo,2294.56
570,129,Mouse,3,610.55,2023-08-21,Curitiba,1831.65
571,124,Headset,3,1330.67,2023-03-17,São Paulo,3992.01
572,183,Mouse,4,1938.65,2023-09-22,Rio de Janeiro,7754.6
573,104,Monitor,4,1227.09,2023-10-11,São Paulo,4908.36
574,164,Laptop,4,200.11,2023-07-25,Rio de Janeiro,800.44
575,193,Monitor,2,197.39,2023-08-11,São Paulo,394.78
576,148,Headset,4,1905.28,2023-02-21,Belo Horizonte,7621.12
577,102,Monitor,1,629.72,2023-12-05,Curitiba,629.72
578,144,Monitor,3,229.53,2023-05-24,Curitiba,688.59
579,113,Monitor,2,1218.14,2023-03-10,Belo Horizonte,2436.28
580,129,Headset,4,1266.12,2023-04-09,Belo Horizonte,5064.48
581,167,Webcam,2,1314.58,2023-01-25,Curitiba,2629.16
582,117,Monitor,4,571.43,2023-02-22,Belo Horizonte,2285.72
583,161,Mouse,2,79.47,2023-05-31,Rio de Janeiro,158.94
584,136,Headset,3,1931.78,2023-05-24,São Paulo,5795.34
585,124,Monitor,3,539.24,2023-02-26,Curitiba,1617.72
586,147,Webcam,1,1368.25,2023-02-08,Belo Horizonte,1368.25
587,164,Headset,1,1427.93,2023-04-19,Rio de Janeiro,1427.93
588,152,Teclado,4,1239.51,2023-06-30,Curitiba,4958.04
589,178,Webcam,3,660.17,2023-02-11,Belo Horizonte,1980.51
590,172,Mouse,2,578.64,2023-07-05,Curitiba,1157.28
591,114,Monitor,2,1215.45,2023-08-11,Belo Horizonte,2430.9
592,148,Teclado,2,1738.89,2023-05-02,Curitiba,3477.78
593,187,Teclado,1,1896.13,2023-05-13,Rio de Janeiro,1896.13
594,167,Headset,2,256.52,2023-06-12,Rio de Janeiro,513.04
595,111,Teclado,1,351.92,2023-08-03,São Paulo,351.92
596,158,Mouse,1,1892.24,2023-08-09,Curitiba,1892.24
597,136,Mouse,4,1486.24,2023-08-23,São Paulo,5944.96
598,160,Laptop,2,1771.84,2023-11-27,Curitiba,3543.68
599,142,Mouse,2,445.13,2023-05-26,Belo Horizonte,890.26
600,169,Webcam,3,1195.79,2023-08-27,Belo Horizonte,3587.37
601,138,Teclado,4,1417.22,2023-03-17,São Paulo,5668.88
602,155,Mouse,3,1376.22,2023-01-09,Curitiba,4128.66
603,162,Headset,4,845.9,2023-03-15,São Paulo,3383.6
604,145,Laptop,2,80.02,2023-09-10,Rio de Janeiro,160.04
605,187,Teclado,1,1186.71,2023-08-18,São Paulo,1186.71
606,110,Laptop,1,543.55,2023-01-07,São Paulo,543.55
607,161,Teclado,1,928.0,2023-06-23,Belo Horizonte,928.0
608,176,Headset,1,1917.28,2023-05-21,São Paulo,1917.28
609,197,Laptop,1,828.12,2023-06-17,Curitiba,828.12
610,124,Monitor,3,1687.61,2023-06-19,Belo Horizonte,5062.83
611,170,Webcam,4,417.65,2023-10-10,São Paulo,1670.6
612,151,Webcam,2,1361.3,2023-05-02,Rio de Janeiro,2722.6
613,103,Teclado,3,1955.16,2023-07-13,São Paulo,5865.48
614,158,Monitor,4,248.69,2023-01-05,São Paulo,994.76
615,171,Laptop,1,66.22,2023-01-29,São Paulo,66.22
616,119,Monitor,4,895.49,2023-06-14,Belo Horizonte,3581.96
617,192,Monitor,4,230.62,2023-12-05,Curitiba,922.48
618,162,Laptop,1,1509.35,2023-05-16,Rio de Janeiro,1509.35
619,153,Headset,1,1833.37,2023-12-31,São Paulo,1833.37
620,173,Monitor,1,896.34,2023-11-17,Curitiba,896.34
621,197,Monitor,2,554.49,2023-12-08,Curitiba,1108.98
622,156,Headset,1,897.09,2023-05-25,Belo Horizonte,897.09
623,189,Monitor,2,1460.72,2023-11-23,Rio de Janeiro,2921.44
624,140,Monitor,1,67.66,2023-08-05,Belo Horizonte,67.66
625,102,Monitor,2,1199.44,2023-10-28,Curitiba,2398.88
626,105,Webcam,4,1245.92,2023-05-12,Curitiba,4983.68
627,104,Mouse,3,1293.49,2023-10-19,Curitiba,3880.47
628,104,Headset,4,521.94,2023-03-11,Belo Horizonte,2087.76
629,153,Monitor,4,1442.4,2023-09-09,Rio de Janeiro,5769.6
630,146,Webcam,1,228.21,2023-10-02,São Paulo,228.21
631,186,Headset,2,438.58,2023-12-30,Belo Horizonte,877.16
632,148,Teclado,3,1761.07,2023-07-01,Curitiba,5283.21
633,108,Teclado,1,1490.51,2023-06-16,Belo Horizonte,1490.51
634,198,Monitor,1,76.8,2023-04-01,Curitiba,76.8
635,119,Webcam,1,534.33,2023-07-21,São Paulo,534.33
636,160,Webcam,4,468.09,2023-12-12,São Paulo,1872.36
637,134,Headset,2,578.07,2023-01-19,Rio de Janeiro,1156.14
638,149,Headset,2,532.74,2023-02-08,Curitiba,1065.48
639,181,Webcam,3,171.93,2023-05-06,Rio de Janeiro,515.79
640,161,Headset,2,944.93,2023-06-22,Rio de Janeiro,1889.86
641,116,Webcam,2,1478.83,2023-05-21,São Paulo,2957.66
642,187,Mouse,1,1233.13,2023-08-30,Belo Horizonte,1233.13
643,102,Webcam,1,1362.1,2023-08-08,Belo Horizonte,1362.1
644,131,Teclado,4,208.24,2023-05-06,Rio de Janeiro,832.96
645,198,Headset,1,1905.41,2023-02-27,São Paulo,1905.41
646,112,Webcam,1,1685.06,2023-05-28,Curitiba,1685.06
647,188,Webcam,1,1619.93,2023-11-13,Belo Horizonte,1619.93
648,172,Headset,1,1654.82,2023-12-27,Rio de Janeiro,1654.82
649,167,Mouse,4,1868.79,2023-01-01,Belo Horizonte,7475.16
650,113,Mouse,1,1111.3,2023-12-14,Belo Horizonte,1111.3
651,197,Headset,3,440.55,2023-07-09,Curitiba,1321.65
652,110,Laptop,3,1252.73,2023-07-10,São Paulo,3758.19
653,155,Headset,3,1498.62,2023-11-08,Curitiba,4495.86
654,166,Headset,3,1488.94,2023-04-27,São Paulo,4466.82
655,191,Mouse,1,1066.83,2023-05-14,Belo Horizonte,1066.83
656,128,Mouse,3,183.49,2023-02-27,Rio de Janeiro,550.47
657,108,Headset,1,773.67,2023-02-13,Curitiba,773.67
658,166,Headset,4,1845.49,2023-06-22,São Paulo,7381.96
659,124,Headset,3,1189.68,2023-06-09,Belo Horizonte,3569.04
660,197,Mouse,2,1099.75,2023-06-22,São Paulo,2199.5
661,175,Headset,3,574.26,2023-11-13,São Paulo,1722.78
662,141,Headset,3,768.48,2023-10-30,São Paulo,2305.44
663,108,Monitor,1,1795.92,2023-05-29,Belo Horizonte,1795.92
664,178,Laptop,3,1349.6,2023-03-21,Rio de Janeiro,4048.8
665,139,Teclado,2,1585.4,2023-08-01,Rio de Janeiro,3170.8
666,124,Laptop,1,935.97,2023-07-22,Rio de Janeiro,935.97
667,104,Monitor,1,1278.98,2023-09-09,São Paulo,1278.98
668,110,Teclado,4,534.35,2023-08-17,Belo Horizonte,2137.4
669,158,Headset,4,1425.65,2023-06-13,São Paulo,5702.6
670,197,Monitor,3,883.82,2023-08-15,Rio de Janeiro,2651.46
671,187,Headset,4,912.96,2023-05-27,Rio de Janeiro,3651.84
672,178,Mouse,4,1316.18,2023-01-20,Belo Horizonte,5264.72
673,137,Webcam,4,1875.75,2023-02-16,São Paulo,7503.0
674,171,Monitor,1,174.81,2023-08-21,Curitiba,174.81
675,104,Mouse,1,1658.25,2023-11-01,Curitiba,1658.25
676,147,Monitor,1,620.15,2023-01-14,Rio de Janeiro,620.15
677,189,Monitor,4,915.64,2023-05-23,Belo Horizonte,3662.56
678,117,Mouse,1,92.73,2023-01-01,São Paulo,92.73
679,169,Teclado,4,637.04,2023-02-23,São Paulo,2548.16
680,136,Laptop,1,1030.13,2023-09-16,Rio de Janeiro,1030.13
681,159,Headset,1,159.54,2023-05-24,Rio de Janeiro,159.54
682,147,Monitor,2,1007.64,2023-01-12,São Paulo,2015.28
683,176,Headset,3,1857.87,2023-11-26,São Paulo,5573.61
684,127,Webcam,4,255.52,2023-08-12,Rio de Janeiro,1022.08
685,168,Mouse,2,1540.66,2023-09-29,São Paulo,3081.32
686,176,Headset,1,848.86,2023-12-24,Curitiba,848.86
687,180,Mouse,4,1327.59,2023-06-05,Rio de Janeiro,5310.36
688,139,Headset,1,557.46,2023-01-08,São Paulo,557.46
689,144,Laptop,3,361.01,2023-05-02,Rio de Janeiro,1083.03
690,195,Laptop,2,362.9,2023-12-14,Belo Horizonte,725.8
691,161,Laptop,3,187.46,2023-06-13,Rio de Janeiro,562.38
692,192,Laptop,2,412.01,2023-03-31,Rio de Janeiro,824.02
693,157,Laptop,1,1345.23,2023-05-16,Belo Horizonte,1345.23
694,166,Laptop,3,1769.3,2023-07-05,Curitiba,5307.9
695,155,Mouse,3,1637.55,2023-11-12,São Paulo,4912.65
696,139,Monitor,1,1386.01,2023-06-27,Belo Horizonte,1386.01
697,197,Headset,3,265.34,2023-01-28,Rio de Janeiro,796.02
698,139,Laptop,4,613.92,2023-08-08,São Paulo,2455.68
699,190,Mouse,2,654.12,2023-12-23,Belo Horizonte,1308.24
700,176,Mouse,2,537.42,2023-02-10,São Paulo,1074.84
701,132,Mouse,2,1054.26,2023-08-16,São Paulo,2108.52
702,105,Monitor,4,1094.33,2023-07-11,Belo Horizonte,4377.32
703,187,Headset,2,745.93,2023-05-25,São Paulo,1491.86
704,118,Monitor,1,739.89,2023-07-20,Curitiba,739.89
705,179,Teclado,3,1665.68,2023-07-31,Belo Horizonte,4997.04
706,139,Mouse,4,1589.12,2023-08-08,Curitiba,6356.48
707,191,Teclado,2,650.2,2023-08-28,Rio de Janeiro,1300.4
708,196,Webcam,1,1831.89,2023-02-15,São Paulo,1831.89
709,158,Laptop,3,1907.99,2023-02-04,Rio de Janeiro,5723.97
710,158,Laptop,3,687.15,2023-09-10,Rio de Janeiro,2061.45
711,147,Monitor,4,741.13,2023-03-23,São Paulo,2964.52
712,140,Headset,4,1035.99,2023-09-13,Belo Horizonte,4143.96
713,112,Teclado,4,1885.19,2023-07-16,São Paulo,7540.76
714,144,Headset,1,1758.82,2023-10-30,Rio de Janeiro,1758.82
715,188,Monitor,1,250.01,2023-01-10,Rio de Janeiro,250.01
716,152,Laptop,4,815.82,2023-11-08,Belo Horizonte,3263.28
717,141,Headset,2,1129.07,2023-10-13,São Paulo,2258.14
718,199,Headset,3,1031.11,2023-08-30,Rio de Janeiro,3093.33
719,162,Laptop,3,428.03,2023-09-08,Curitiba,1284.09
720,126,Teclado,1,1724.69,2023-12-31,Rio de Janeiro,1724.69
721,137,Laptop,3,1370.03,2023-01-05,Rio de Janeiro,4110.09
722,159,Headset,2,1683.92,2023-04-29,Belo Horizonte,3367.84
723,106,Teclado,3,1724.59,2023-10-16,Curitiba,5173.77
724,104,Teclado,1,1509.29,2023-03-06,Rio de Janeiro,1509.29
725,144,Laptop,1,906.46,2023-05-26,Rio de Janeiro,906.46
726,157,Headset,2,1240.57,2023-08-12,Curitiba,2481.14
727,130,Monitor,2,362.71,2023-08-27,São Paulo,725.42
728,122,Headset,3,1363.61,2023-06-26,São Paulo,4090.83
729,141,Mouse,3,399.54,2023-09-24,Rio de Janeiro,1198.62
730,109,Webcam,1,1403.2,2023-12-07,Rio de Janeiro,1403.2
731,131,Monitor,2,497.72,2023-10-09,São Paulo,995.44
732,152,Teclado,2,279.23,2023-03-04,Belo Horizonte,558.46
733,129,Monitor,2,372.3,2023-08-05,Curitiba,744.6
734,138,Teclado,3,53.88,2023-12-08,Curitiba,161.64
735,130,Teclado,2,1451.54,2023-11-11,Belo Horizonte,2903.08
736,181,Monitor,1,1478.18,2023-10-10,Belo Horizonte,1478.18
737,199,Teclado,1,1054.12,2023-06-26,Belo Horizonte,1054.12
738,101,Teclado,3,364.66,2023-04-08,Belo Horizonte,1093.98
739,177,Mouse,4,212.93,2023-04-15,Belo Horizonte,851.72
740,176,Headset,3,87.3,2023-04-09,Belo Horizonte,261.9
741,192,Headset,4,373.21,2023-11-07,Curitiba,1492.84
742,111,Webcam,2,1787.17,2023-01-06,Belo Horizonte,3574.34
743,138,Webcam,3,521.0,2023-07-16,São Paulo,1563.0
744,165,Mouse,1,740.83,2023-12-17,Belo Horizonte,740.83
745,195,Webcam,2,255.42,2023-05-13,Belo Horizonte,510.84
746,112,Monitor,1,483.6,2023-12-24,Curitiba,483.6
747,145,Laptop,2,1062.49,2023-09-16,Curitiba,2124.98
748,126,Laptop,3,1235.12,2023-01-23,Belo Horizonte,3705.36
749,116,Laptop,4,528.44,2023-02-22,Curitiba,2113.76
750,194,Mouse,2,162.58,2023-06-14,Rio de Janeiro,325.16
751,197,Mouse,4,812.51,2023-07-21,Curitiba,3250.04
752,159,Teclado,2,506.7,2023-03-24,Curitiba,1013.4
753,163,Laptop,1,478.13,2023-05-25,Curitiba,478.13
754,187,Monitor,1,1921.73,2023-03-26,Curitiba,1921.73
755,134,Webcam,2,1251.79,2023-03-19,São Paulo,2503.58
756,169,Monitor,4,1135.91,2023-01-01,São Paulo,4543.64
757,182,Webcam,3,860.76,2023-02-20,São Paulo,2582.28
758,129,Laptop,3,886.44,2023-06-22,Belo Horizonte,2659.32
759,170,Laptop,1,1104.76,2023-07-24,Belo Horizonte,1104.76
760,173,Laptop,3,1408.04,2023-09-17,Rio de Janeiro,4224.12
761,195,Mouse,1,1419.18,2023-10-15,São Paulo,1419.18
762,197,Webcam,3,384.8,2023-02-03,Belo Horizonte,1154.4
763,162,Mouse,2,1025.22,2023-12-14,Curitiba,2050.44
764,127,Mouse,1,853.32,2023-04-05,Curitiba,853.32
765,159,Headset,1,1747.53,2023-03-13,São Paulo,1747.53
766,178,Monitor,2,1281.27,2023-02-08,Rio de Janeiro,2562.54
767,193,Monitor,1,1088.38,2023-06-03,Rio de Janeiro,1088.38
768,136,Teclado,3,275.02,2023-09-07,Curitiba,825.06
769,192,Mouse,3,1230.99,2023-06-11,Rio de Janeiro,3692.97
770,121,Webcam,1,278.55,2023-04-28,São Paulo,278.55
771,167,Headset,3,707.55,2023-09-16,Curitiba,2122.65
772,119,Headset,4,328.54,2023-11-02,Belo Horizonte,1314.16
773,195,Monitor,1,1399.54,2023-09-25,Belo Horizonte,1399.54
774,199,Mouse,2,452.19,2023-02-23,Rio de Janeiro,904.38
775,167,Teclado,4,814.13,2023-08-24,Curitiba,3256.52
776,190,Mouse,1,1796.57,2023-08-10,Curitiba,1796.57
777,163,Laptop,2,448.42,2023-09-08,Belo Horizonte,896.84
778,116,Mouse,3,1040.22,2023-11-09,Curitiba,3120.66
779,111,Laptop,2,867.58,2023-04-22,Curitiba,1735.16
780,121,Laptop,4,85.34,2023-09-12,Curitiba,341.36
781,116,Teclado,3,1595.88,2023-10-30,Rio de Janeiro,4787.64
782,109,Webcam,1,184.64,2023-07-26,Curitiba,184.64
783,164,Monitor,3,974.8,2023-08-17,São Paulo,2924.4
784,121,Mouse,1,1143.32,2023-12-07,Rio de Janeiro,1143.32
785,189,Laptop,1,1275.43,2023-03-07,Curitiba,1275.43
786,181,Mouse,2,1392.83,2023-03-16,Curitiba,2785.66
787,149,Webcam,2,543.88,2023-04-13,São Paulo,1087.76
788,113,Monitor,2,69.46,2023-07-11,Rio de Janeiro,138.92
789,163,Webcam,4,1460.72,2023-09-09,Belo Horizonte,5842.88
790,146,Monitor,4,1094.53,2023-08-14,Belo Horizonte,4378.12
791,128,Headset,2,1680.43,2023-10-21,Rio de Janeiro,3360.86
792,175,Monitor,4,1651.71,2023-11-02,Curitiba,6606.84
793,135,Teclado,3,1694.49,2023-04-08,Curitiba,5083.47
794,198,Webcam,3,995.93,2023-12-04,Belo Horizonte,2987.79
795,151,Laptop,4,700.58,2023-10-13,Belo Horizonte,2802.32
796,175,Headset,4,1593.54,2023-12-01,Belo Horizonte,6374.16
797,106,Teclado,3,930.02,2023-12-13,São Paulo,2790.06
798,128,Mouse,1,407.71,2023-11-04,Belo Horizonte,407.71
799,110,Webcam,3,1717.2,2023-09-06,São Paulo,5151.6
800,132,Laptop,3,1770.99,2023-06-15,Rio de Janeiro,5312.97
801,105,Monitor,4,959.3,2023-12-01,Curitiba,3837.2
802,178,Laptop,3,197.61,2023-01-30,Belo Horizonte,592.83
803,131,Mouse,4,806.26,2023-09-04,Curitiba,3225.04
804,150,Headset,4,1616.9,2023-04-16,Curitiba,6467.6
805,174,Headset,2,1808.46,2023-02-20,Belo Horizonte,3616.92
806,157,Webcam,3,446.77,2023-03-22,Belo Horizonte,1340.31
807,186,Headset,1,180.6,2023-05-13,Rio de Janeiro,180.6
808,125,Webcam,2,1760.83,2023-10-12,São Paulo,3521.66
809,197,Webcam,4,809.34,2023-05-18,São Paulo,3237.36
810,145,Webcam,4,1106.43,2023-07-03,Curitiba,4425.72
811,197,Monitor,1,1937.73,2023-11-26,Belo Horizonte,1937.73
812,128,Teclado,4,179.8,2023-09-30,Rio de Janeiro,719.2
813,103,Webcam,3,1314.22,2023-12-06,Rio de Janeiro,3942.66
814,180,Webcam,2,194.51,2023-03-10,Rio de Janeiro,389.02
815,198,Teclado,4,782.16,2023-02-03,Rio de Janeiro,3128.64
816,112,Laptop,4,1617.44,2023-09-19,Rio de Janeiro,6469.76
817,138,Webcam,1,895.27,2023-02-22,São Paulo,895.27
818,114,Monitor,3,1994.51,2023-07-24,São Paulo,5983.53
819,128,Headset,4,1140.17,2023-05-06,São Paulo,4560.68
820,128,Headset,1,676.27,2023-08-23,Belo Horizonte,676.27
821,174,Mouse,4,479.22,2023-02-12,Curitiba,1916.88
822,131,Mouse,1,733.52,2023-08-28,Rio de Janeiro,733.52
823,101,Headset,1,776.44,2023-04-21,Belo Horizonte,776.44
824,146,Headset,3,183.99,2023-09-06,Rio de Janeiro,551.97
825,177,Monitor,4,770.67,2023-05-31,São Paulo,3082.68
826,183,Teclado,3,955.27,2023-07-02,Belo Horizonte,2865.81
827,121,Mouse,1,1459.34,2023-12-02,São Paulo,1459.34
828,174,Teclado,2,1330.62,2023-04-05,Rio de Janeiro,2661.24
829,126,Monitor,4,1432.09,2023-01-08,Rio de Janeiro,5728.36
830,166,Headset,2,66.31,2023-12-26,Curitiba,132.62
831,180,Webcam,4,474.45,2023-07-03,Rio de Janeiro,1897.8
832,155,Teclado,3,1340.28,2023-10-08,São Paulo,4020.84
833,191,Headset,3,993.78,2023-07-14,Rio de Janeiro,2981.34
834,192,Headset,3,60.36,2023-12-18,Curitiba,181.08
835,120,Laptop,3,1618.76,2023-07-14,Curitiba,4856.28
836,146,Teclado,3,1556.98,2023-06-04,São Paulo,4670.94
837,179,Webcam,2,1119.42,2023-04-03,Belo Horizonte,2238.84
838,158,Teclado,3,179.6,2023-06-09,Rio de Janeiro,538.8
839,183,Headset,1,1544.7,2023-03-02,Curitiba,1544.7
840,105,Webcam,1,1188.24,2023-05-02,Rio de Janeiro,1188.24
841,118,Monitor,2,1574.82,2023-02-20,Rio de Janeiro,3149.64
842,156,Laptop,4,1515.91,2023-10-04,Belo Horizonte,6063.64
843,168,Headset,1,1615.85,2023-01-05,Curitiba,1615.85
844,102,Mouse,4,1060.12,2023-04-02,Rio de Janeiro,4240.48
845,100,Mouse,2,323.63,2023-06-19,Curitiba,647.26
846,157,Laptop,4,1358.76,2023-11-13,São Paulo,5435.04
847,137,Monitor,4,1259.92,2023-01-22,São Paulo,5039.68
848,114,Headset,4,1497.39,2023-11-22,Rio de Janeiro,5989.56
849,133,Teclado,4,381.27,2023-01-01,Curitiba,1525.08
850,160,Laptop,2,430.2,2023-05-13,Rio de Janeiro,860.4
851,134,Monitor,1,1786.3,2023-08-21,Curitiba,1786.3
852,163,Teclado,3,1512.46,2023-01-12,Curitiba,4537.38
853,124,Mouse,4,1821.05,2023-12-12,Belo Horizonte,7284.2
854,123,Mouse,1,1529.49,2023-02-15,Belo Horizonte,1529.49
855,111,Teclado,1,1214.45,2023-02-03,Belo Horizonte,1214.45
856,117,Laptop,2,1325.56,2023-03-19,Rio de Janeiro,2651.12
857,114,Mouse,1,1783.8,2023-08-06,Belo Horizonte,1783.8
858,179,Headset,2,1178.67,2023-10-28,Belo Horizonte,2357.34
859,126,Webcam,4,1283.16,2023-03-14,São Paulo,5132.64
860,171,Teclado,4,355.13,2023-10-09,Curitiba,1420.52
861,159,Teclado,3,974.15,2023-09-06,Curitiba,2922.45
862,145,Mouse,3,1446.97,2023-02-16,Belo Horizonte,4340.91
863,188,Laptop,3,578.34,2023-05-01,Curitiba,1735.02
864,116,Headset,1,444.4,2023-08-02,São Paulo,444.4
865,192,Laptop,4,661.96,2023-08-27,São Paulo,2647.84
866,152,Monitor,2,520.93,2023-02-25,Belo Horizonte,1041.86
867,107,Monitor,3,469.08,2023-12-16,São Paulo,1407.24
868,178,Webcam,2,878.46,2023-04-17,Curitiba,1756.92
869,126,Mouse,2,1820.29,2023-11-15,Rio de Janeiro,3640.58
870,145,Mouse,3,1038.77,2023-02-17,Curitiba,3116.31
871,149,Mouse,4,416.44,2023-03-02,Rio de Janeiro,1665.76
872,170,Webcam,3,200.09,2023-12-03,Belo Horizonte,600.27
873,102,Monitor,2,1407.5,2023-01-26,Rio de Janeiro,2815.0
874,192,Laptop,3,796.46,2023-10-19,São Paulo,2389.38
875,163,Webcam,2,1652.57,2023-09-14,Curitiba,3305.14
876,143,Webcam,2,1336.05,2023-01-08,Rio de Janeiro,2672.1
877,152,Laptop,3,1602.67,2023-04-23,Curitiba,4808.01
878,123,Mouse,1,580.29,2023-12-21,Belo Horizonte,580.29
879,159,Headset,3,1400.1,2023-09-10,Belo Horizonte,4200.3
880,102,Laptop,1,564.92,2023-06-29,São Paulo,564.92
881,119,Monitor,2,1881.18,2023-07-26,Belo Horizonte,3762.36
882,145,Teclado,2,1290.93,2023-10-30,Rio de Janeiro,2581.86
883,114,Teclado,1,682.8,2023-05-07,Belo Horizonte,682.8
884,124,Webcam,2,575.55,2023-02-25,São Paulo,1151.1
885,193,Teclado,1,422.31,2023-08-02,Curitiba,422.31
886,177,Headset,1,1404.55,2023-01-14,Curitiba,1404.55
887,170,Mouse,2,476.5,2023-01-28,Belo Horizonte,953.0
888,116,Monitor,4,1210.84,2023-03-19,Rio de Janeiro,4843.36
889,183,Headset,1,566.04,2023-08-04,São Paulo,566.04
890,199,Monitor,3,1340.84,2023-12-31,Rio de Janeiro,4022.52
891,108,Monitor,3,1639.13,2023-06-03,São Paulo,4917.39
892,137,Mouse,2,1567.15,2023-01-14,Belo Horizonte,3134.3
893,147,Webcam,4,1533.66,2023-07-06,São Paulo,6134.64
894,159,Teclado,2,416.06,2023-11-08,São Paulo,832.12
895,162,Mouse,4,222.35,2023-01-07,Belo Horizonte,889.4
896,185,Headset,1,1412.95,2023-01-03,Rio de Janeiro,1412.95
897,101,Webcam,1,768.28,2023-04-21,Belo Horizonte,768.28
898,187,Headset,1,893.08,2023-08-26,São Paulo,893.08
899,171,Webcam,1,110.74,2023-12-29,Belo Horizonte,110.74
900,110,Headset,3,556.17,2023-08-27,São Paulo,1668.51
901,163,Mouse,3,115.67,2023-10-01,Belo Horizonte,347.01
902,176,Webcam,2,1764.41,2023-10-21,Curitiba,3528.82
903,180,Webcam,4,524.62,2023-08-15,Curitiba,2098.48
904,171,Monitor,1,1136.81,2023-01-15,Belo Horizonte,1136.81
905,120,Monitor,1,126.01,2023-07-11,Rio de Janeiro,126.01
906,117,Laptop,4,1350.35,2023-04-29,São Paulo,5401.4
907,193,Headset,4,679.9,2023-01-28,Curitiba,2719.6
908,163,Monitor,2,1800.94,2023-07-21,Rio de Janeiro,3601.88
909,181,Laptop,4,1781.83,2023-02-08,São Paulo,7127.32
910,194,Monitor,1,684.32,2023-09-30,Curitiba,684.32
911,137,Headset,1,1806.87,2023-08-19,Curitiba,1806.87
912,131,Webcam,1,1992.51,2023-03-27,Belo Horizonte,1992.51
913,110,Teclado,1,1659.56,2023-05-06,São Paulo,1659.56
914,144,Headset,1,1697.5,2023-10-27,Rio de Janeiro,1697.5
915,188,Mouse,2,535.57,2023-01-25,Rio de Janeiro,1071.14
916,132,Monitor,1,1174.57,2023-05-25,Rio de Janeiro,1174.57
917,140,Monitor,2,181.15,2023-01-13,São Paulo,362.3
918,107,Webcam,1,235.09,2023-07-31,Rio de Janeiro,235.09
919,110,Mouse,3,1997.84,2023-01-25,Rio de Janeiro,5993.52
920,185,Webcam,3,686.95,2023-03-09,Rio de Janeiro,2060.85
921,150,Mouse,3,1508.96,2023-03-08,Belo Horizonte,4526.88
922,187,Teclado,3,1623.0,2023-08-21,Belo Horizonte,4869.0
923,140,Monitor,2,1723.15,2023-04-19,São Paulo,3446.3
924,116,Monitor,2,1995.38,2023-05-26,São Paulo,3990.76
925,175,Teclado,4,520.92,2023-04-21,Rio de Janeiro,2083.68
926,145,Laptop,1,128.68,2023-08-16,Belo Horizonte,128.68
927,131,Webcam,3,851.82,2023-04-21,Curitiba,2555.46
928,178,Teclado,2,303.66,2023-02-03,Curitiba,607.32
929,179,Webcam,1,93.73,2023-04-21,Rio de Janeiro,93.73
930,153,Headset,1,752.83,2023-09-21,Rio de Janeiro,752.83
931,185,Monitor,2,1578.29,2023-08-24,Belo Horizonte,3156.58
932,191,Webcam,3,1154.05,2023-03-24,Belo Horizonte,3462.15
933,119,Mouse,4,659.92,2023-02-11,Belo Horizonte,2639.68
934,132,Webcam,1,1325.97,2023-04-11,São Paulo,1325.97
935,173,Headset,4,502.44,2023-01-06,São Paulo,2009.76
936,139,Monitor,3,78.04,2023-06-29,Rio de Janeiro,234.12
937,131,Teclado,3,1540.49,2023-10-09,São Paulo,4621.47
938,196,Headset,4,1266.3,2023-11-16,Belo Horizonte,5065.2
939,101,Monitor,3,1536.49,2023-08-14,Belo Horizonte,4609.47
940,196,Webcam,1,125.93,2023-11-11,São Paulo,125.93
941,132,Laptop,4,1682.38,2023-12-31,Curitiba,6729.52
942,176,Laptop,3,1258.08,2023-08-17,Rio de Janeiro,3774.24
943,129,Mouse,4,1148.62,2023-10-16,Curitiba,4594.48
944,132,Monitor,1,1268.0,2023-05-30,Rio de Janeiro,1268.0
945,176,Laptop,3,1735.64,2023-10-04,Curitiba,5206.92
946,125,Teclado,1,1194.53,2023-07-17,São Paulo,1194.53
947,121,Monitor,3,1182.85,2023-03-11,Rio de Janeiro,3548.55
948,165,Teclado,2,1981.82,2023-04-22,Rio de Janeiro,3963.64
949,137,Teclado,3,1525.62,2023-01-04,Rio de Janeiro,4576.86
950,189,Laptop,4,912.47,2023-12-16,Belo Horizonte,3649.88
951,145,Monitor,3,1429.42,2023-11-27,Belo Horizonte,4288.26
952,114,Webcam,1,809.0,2023-11-14,Curitiba,809.0
953,197,Headset,1,496.31,2023-12-16,São Paulo,496.31
954,143,Laptop,3,1213.86,2023-04-05,Belo Horizonte,3641.58
955,148,Laptop,4,1859.96,2023-06-01,Rio de Janeiro,7439.84
956,174,Webcam,2,1861.82,2023-11-07,Belo Horizonte,3723.64
957,160,Monitor,4,716.72,2023-05-17,São Paulo,2866.88
958,166,Monitor,2,1078.97,2023-09-04,Belo Horizonte,2157.94
959,105,Teclado,1,462.69,2023-08-31,Rio de Janeiro,462.69
960,108,Webcam,4,1991.48,2023-01-31,Curitiba,7965.92
961,105,Webcam,2,1963.18,2023-02-09,Rio de Janeiro,3926.36
962,172,Monitor,3,1316.54,2023-08-17,São Paulo,3949.62
963,194,Teclado,1,1618.61,2023-02-05,Curitiba,1618.61
964,131,Laptop,3,1444.45,2023-08-11,Belo Horizonte,4333.35
965,140,Mouse,1,1206.66,2023-01-06,Belo Horizonte,1206.66
966,175,Headset,4,154.03,2023-11-18,Belo Horizonte,616.12
967,107,Laptop,4,936.79,2023-08-08,Curitiba,3747.16
968,171,Monitor,1,1365.83,2023-03-16,Rio de Janeiro,1365.83
969,149,Headset,1,1371.19,2023-01-04,Curitiba,1371.19
970,191,Mouse,1,777.59,2023-12-01,Curitiba,777.59
971,161,Mouse,4,1886.3,2023-05-14,São Paulo,7545.2
972,183,Teclado,2,376.35,2023-04-28,Curitiba,752.7
973,161,Headset,3,1025.7,2023-04-04,Belo Horizonte,3077.1
974,106,Teclado,3,1397.22,2023-03-03,Rio de Janeiro,4191.66
975,174,Laptop,4,1409.41,2023-07-13,Rio de Janeiro,5637.64
976,183,Webcam,3,1314.85,2023-12-01,Rio de Janeiro,3944.55
977,179,Webcam,1,586.81,2023-07-22,Belo Horizonte,586.81
978,103,Webcam,2,354.6,2023-01-26,Belo Horizonte,709.2
979,105,Headset,3,1290.08,2023-06-22,Belo Horizonte,3870.24
980,157,Webcam,2,1218.64,2023-10-27,Belo Horizonte,2437.28
981,121,Laptop,1,399.74,2023-05-13,Belo Horizonte,399.74
982,125,Teclado,3,1425.02,2023-11-22,Curitiba,4275.06
983,102,Headset,4,937.59,2023-04-28,Belo Horizonte,3750.36
984,140,Teclado,2,1352.13,2023-11-20,Belo Horizonte,2704.26
985,159,Headset,1,1682.87,2023-10-02,Belo Horizonte,1682.87
986,113,Teclado,2,380.97,2023-07-31,Belo Horizonte,761.94
987,174,Mouse,3,87.33,2023-08-13,Rio de Janeiro,261.99
988,181,Teclado,3,1569.25,2023-01-20,Belo Horizonte,4707.75
989,111,Webcam,4,1238.91,2023-04-23,Curitiba,4955.64
990,186,Mouse,1,1414.3,2023-05-20,Curitiba,1414.3
991,111,Teclado,1,1684.4,2023-02-16,Curitiba,1684.4
992,112,Headset,4,1615.48,2023-01-01,São Paulo,6461.92
993,124,Headset,4,1923.79,2023-03-31,Rio de Janeiro,7695.16
994,144,Headset,1,1095.07,2023-05-22,Belo Horizonte,1095.07
995,118,Monitor,2,1002.57,2023-11-16,São Paulo,2005.14
996,154,Laptop,2,833.68,2023-02-07,Belo Horizonte,1667.36
997,199,Headset,4,349.7,2023-10-20,São Paulo,1398.8
998,144,Mouse,2,1166.58,2023-05-19,São Paulo,2333.16
999,107,Headset,1,590.17,2023-12-22,Curitiba,590.17
1000,192,Monitor,3,1846.55,2023-11-29,Curitiba,5539.65
